id,first_name,last_name,email,gender,ip_address
1,Mindy,Ebi,mebi0@japanpost.jp,Agender,166.88.19.148
2,Venus,Muncie,vmuncie1@istockphoto.com,Bigender,68.130.218.105
3,Dougy,Jurzyk,djurzyk2@joomla.org,Non-binary,23.207.141.202
4,Cully,Johnston,cjohnston3@blogs.com,Agender,132.222.251.68
5,Charis,Graber,cgraber4@jiathis.com,Female,78.29.37.75
6,Zacharia,Ciubutaro,zciubutaro5@globo.com,Non-binary,219.72.17.3
7,Vitoria,Sime,vsime6@simplemachines.org,Female,200.64.239.144
8,Ginni,Sikorski,gsikorski7@homestead.com,Male,255.94.157.124
9,Coretta,MacCathay,cmaccathay8@ihg.com,Genderfluid,244.108.220.244
10,Laurence,Kneale,lkneale9@sun.com,Female,8.40.94.157
11,Fanchette,Allett,falletta@is.gd,Agender,197.75.81.77
12,Ivar,Brazel,ibrazelb@wiley.com,Polygender,231.16.58.232
13,Archibaldo,Jedraszczyk,ajedraszczykc@oaic.gov.au,Non-binary,109.120.169.232
14,Abeu,Vearnals,avearnalsd@tripadvisor.com,Genderqueer,242.224.240.199
15,Daryle,Foort,dfoorte@webeden.co.uk,Agender,45.89.197.61
16,Odette,Hearnden,ohearndenf@surveymonkey.com,Genderfluid,116.228.239.53
17,Banky,Barck,bbarckg@disqus.com,Polygender,83.0.40.122
18,Philly,Grunwall,pgrunwallh@psu.edu,Male,202.133.197.93
19,Donni,Sikora,dsikorai@ca.gov,Male,254.19.206.58
20,Dolf,Breem,dbreemj@newsvine.com,Non-binary,144.165.147.84
21,Brig,Riall,briallk@yale.edu,Agender,172.126.16.176
22,Tiphani,Hugonin,thugoninl@github.com,Agender,13.126.27.162
23,Marrilee,Buckner,mbucknerm@washington.edu,Polygender,41.74.94.2
24,Vail,Goodridge,vgoodridgen@apache.org,Non-binary,141.233.204.62
25,Hubert,Redfearn,hredfearno@marketwatch.com,Polygender,70.227.191.172
26,Olenolin,Bern,obernp@uiuc.edu,Non-binary,113.106.191.121
27,Bald,Thor,bthorq@feedburner.com,Genderfluid,30.26.121.2
28,Perrine,Axup,paxupr@miibeian.gov.cn,Female,66.96.120.47
29,Clarette,Killik,ckilliks@comsenz.com,Agender,69.232.150.246
30,Nerte,Tavner,ntavnert@biblegateway.com,Non-binary,238.180.125.30
31,Atlanta,Joderli,ajoderliu@blogtalkradio.com,Polygender,193.169.141.51
32,Lida,Saphir,lsaphirv@free.fr,Non-binary,62.197.76.130
33,Jordon,Hurich,jhurichw@list-manage.com,Non-binary,152.189.1.166
34,Dex,Bauldrey,dbauldreyx@wikimedia.org,Agender,240.163.118.138
35,Mose,Collar,mcollary@elegantthemes.com,Non-binary,26.104.167.112
36,Filbert,Bruun,fbruunz@wiley.com,Genderqueer,205.77.85.140
37,Harley,Butrimovich,hbutrimovich10@psu.edu,Genderfluid,0.145.129.172
38,Eli,Benoiton,ebenoiton11@telegraph.co.uk,Genderfluid,174.196.180.79
39,Aurthur,Blacklidge,ablacklidge12@xing.com,Male,252.133.238.137
40,Bernice,Marchington,bmarchington13@ucla.edu,Genderqueer,244.221.183.140
41,Sandye,Poone,spoone14@cbc.ca,Agender,188.136.206.74
42,Melonie,Greenhough,mgreenhough15@nationalgeographic.com,Genderqueer,178.81.46.42
43,Duky,Offner,doffner16@homestead.com,Non-binary,79.101.27.167
44,Victoir,Hidderley,vhidderley17@jugem.jp,Male,9.168.57.212
45,Jerad,Friedank,jfriedank18@hao123.com,Male,33.89.111.35
46,Gelya,Nys,gnys19@columbia.edu,Agender,4.251.73.133
47,Lyssa,Davydkov,ldavydkov1a@yahoo.com,Genderqueer,87.214.6.81
48,Lazaro,Justun,ljustun1b@google.cn,Bigender,210.71.34.139
49,Jody,Halliwell,jhalliwell1c@ucoz.ru,Bigender,31.132.16.60
50,Adrian,Laidlow,alaidlow1d@furl.net,Non-binary,62.44.110.11
51,Lexine,Bourhill,lbourhill1e@networksolutions.com,Polygender,62.187.134.19
52,Giacomo,Tulloch,gtulloch1f@linkedin.com,Polygender,150.206.162.99
53,Deborah,Jumonet,djumonet1g@nytimes.com,Female,76.3.44.109
54,Pattie,Rowat,prowat1h@ow.ly,Bigender,167.7.197.85
55,Goldarina,Pandya,gpandya1i@microsoft.com,Male,18.186.22.0
56,Blancha,Sanbrook,bsanbrook1j@psu.edu,Non-binary,118.40.197.217
57,Frannie,Dienes,fdienes1k@tmall.com,Genderqueer,24.182.225.202
58,Ardine,Robottham,arobottham1l@weather.com,Genderqueer,83.247.220.215
59,Arlen,Fayerbrother,afayerbrother1m@theguardian.com,Genderqueer,118.7.59.122
60,Francine,MacGille,fmacgille1n@yellowpages.com,Non-binary,132.58.252.98
61,Matty,Dimitru,mdimitru1o@over-blog.com,Bigender,20.24.157.16
62,Lorinda,O'Hogertie,lohogertie1p@nymag.com,Agender,220.249.100.237
63,Tatum,Saterthwait,tsaterthwait1q@g.co,Genderfluid,227.12.140.221
64,Francklyn,Farragher,ffarragher1r@qq.com,Polygender,102.108.72.17
65,Jacki,Palley,jpalley1s@netscape.com,Genderqueer,224.247.155.227
66,Sal,Costi,scosti1t@springer.com,Female,132.39.18.3
67,Ricardo,Leverich,rleverich1u@printfriendly.com,Polygender,49.38.100.239
68,Barry,Scammell,bscammell1v@php.net,Female,247.228.101.116
69,Sonnie,Hurche,shurche1w@ifeng.com,Non-binary,138.76.181.163
70,Danyette,Creech,dcreech1x@vistaprint.com,Non-binary,154.199.170.91
71,Rheba,Dennington,rdennington1y@globo.com,Polygender,49.228.86.250
72,Gaby,Ayliffe,gayliffe1z@hubpages.com,Non-binary,90.153.82.48
73,Amalee,Hevner,ahevner20@scientificamerican.com,Agender,66.88.234.65
74,Elaina,Bolesma,ebolesma21@yandex.ru,Male,98.246.25.128
75,Van,Bigmore,vbigmore22@dion.ne.jp,Non-binary,97.36.7.70
76,Latrena,Heatlie,lheatlie23@flavors.me,Female,65.7.65.3
77,Lilllie,Hullot,lhullot24@wikispaces.com,Agender,171.202.109.111
78,Cobby,Bemlott,cbemlott25@nhs.uk,Male,117.101.92.25
79,Gram,Daley,gdaley26@accuweather.com,Male,213.140.91.198
80,Kizzie,McLeary,kmcleary27@jimdo.com,Bigender,120.7.182.99
81,Merle,McKerron,mmckerron28@sogou.com,Female,113.190.126.249
82,Clarance,Drewell,cdrewell29@edublogs.org,Polygender,198.101.198.241
83,Trix,Ubank,tubank2a@ehow.com,Female,127.94.251.33
84,Mic,Nisius,mnisius2b@usnews.com,Non-binary,111.16.143.20
85,Carissa,Nolda,cnolda2c@themeforest.net,Polygender,139.52.85.237
86,Vickie,Merryfield,vmerryfield2d@soundcloud.com,Non-binary,28.254.68.207
87,Lainey,Spyvye,lspyvye2e@about.me,Bigender,11.158.93.208
88,Beryle,Rome,brome2f@vistaprint.com,Non-binary,149.249.26.130
89,Svend,Storks,sstorks2g@twitter.com,Agender,64.171.200.231
90,Loree,Simkin,lsimkin2h@paginegialle.it,Bigender,3.22.125.203
91,Salaidh,Rosborough,srosborough2i@virginia.edu,Male,80.195.105.113
92,Shurlock,Jiran,sjiran2j@about.com,Genderqueer,124.48.198.205
93,Allyson,Bennion,abennion2k@upenn.edu,Male,183.177.192.104
94,Catharina,Corris,ccorris2l@squidoo.com,Agender,204.22.53.178
95,Siobhan,Roast,sroast2m@xinhuanet.com,Genderqueer,195.52.155.235
96,Shanon,Reidie,sreidie2n@ucoz.com,Female,170.149.49.11
97,Sherlock,Doudney,sdoudney2o@gnu.org,Genderqueer,241.250.127.158
98,Briney,Fishpool,bfishpool2p@yandex.ru,Bigender,209.136.58.36
99,Eleonore,Gallie,egallie2q@xing.com,Female,40.122.21.234
100,Ferd,Sidon,fsidon2r@google.ru,Female,246.90.169.181
101,Millard,Cokely,mcokely2s@gnu.org,Female,209.80.65.43
102,Uriel,Betser,ubetser2t@chronoengine.com,Agender,203.243.170.103
103,Waldo,Beirne,wbeirne2u@google.ru,Genderqueer,66.183.157.217
104,Fanny,Dany,fdany2v@weebly.com,Bigender,18.249.42.49
105,Sabrina,Seak,sseak2w@live.com,Female,246.83.93.30
106,Hynda,Schiersch,hschiersch2x@merriam-webster.com,Agender,240.79.221.190
107,Rafaello,Mellodey,rmellodey2y@forbes.com,Non-binary,58.156.133.49
108,Corella,Stranahan,cstranahan2z@mtv.com,Bigender,129.136.155.166
109,Briant,Bricklebank,bbricklebank30@sina.com.cn,Agender,138.188.108.140
110,Malva,Snazle,msnazle31@cmu.edu,Genderqueer,159.23.231.92
111,Isaiah,Mouton,imouton32@booking.com,Genderfluid,246.52.129.35
112,Chandal,Stedson,cstedson33@ftc.gov,Agender,101.28.193.212
113,Juline,Nelmes,jnelmes34@tmall.com,Non-binary,232.138.59.225
114,Farleigh,Gilgryst,fgilgryst35@imdb.com,Non-binary,71.138.47.13
115,Winne,Spaight,wspaight36@unc.edu,Polygender,171.102.10.241
116,Daphne,Embleton,dembleton37@sciencedirect.com,Genderqueer,171.91.64.50
117,Arlie,Pitblado,apitblado38@engadget.com,Polygender,54.241.37.13
118,Ruthann,Wadman,rwadman39@fastcompany.com,Male,67.0.210.9
119,Malachi,Muschette,mmuschette3a@gnu.org,Agender,176.56.190.178
120,Lonna,Batte,lbatte3b@accuweather.com,Female,128.76.36.136
121,Fritz,Brislawn,fbrislawn3c@bluehost.com,Agender,2.156.215.112
122,Rodney,Isaacson,risaacson3d@altervista.org,Polygender,112.86.139.241
123,Germana,Iddy,giddy3e@diigo.com,Polygender,87.39.105.197
124,Bella,Quirk,bquirk3f@soundcloud.com,Polygender,4.89.154.104
125,Shermy,Lanfear,slanfear3g@google.com.br,Agender,124.229.195.111
126,Tova,Hazle,thazle3h@timesonline.co.uk,Female,153.18.228.88
127,Kettie,Fullbrook,kfullbrook3i@jalbum.net,Genderfluid,190.233.219.236
128,Luisa,Longbottom,llongbottom3j@miibeian.gov.cn,Genderqueer,45.154.47.93
129,Harry,Gyves,hgyves3k@aboutads.info,Female,98.4.161.128
130,Karlotta,Corbyn,kcorbyn3l@illinois.edu,Non-binary,160.40.198.67
131,Alma,Troman,atroman3m@fastcompany.com,Non-binary,120.149.60.235
132,Yettie,Sygrove,ysygrove3n@dmoz.org,Male,122.139.128.85
133,Ardeen,Barff,abarff3o@drupal.org,Non-binary,150.79.75.188
134,Sven,Seaward,sseaward3p@lycos.com,Genderfluid,234.166.187.227
135,Caesar,Lownsbrough,clownsbrough3q@blogspot.com,Agender,253.71.150.120
136,Richart,Pinshon,rpinshon3r@timesonline.co.uk,Female,185.85.0.1
137,Nertie,Mattevi,nmattevi3s@163.com,Non-binary,12.201.224.125
138,Barny,Scarrott,bscarrott3t@ifeng.com,Genderfluid,137.221.64.184
139,Verile,Vitler,vvitler3u@amazon.com,Polygender,171.206.23.27
140,Georgianna,Leyes,gleyes3v@dropbox.com,Agender,208.228.39.249
141,Olenolin,Bagley,obagley3w@hatena.ne.jp,Genderfluid,201.26.91.243
142,Janelle,Demaine,jdemaine3x@behance.net,Female,234.46.172.40
143,Ezra,Winley,ewinley3y@washington.edu,Agender,129.99.56.214
144,Leona,Marsy,lmarsy3z@ted.com,Genderqueer,148.166.178.98
145,Costanza,Allsupp,callsupp40@bravesites.com,Bigender,93.1.140.60
146,Benoite,MacMychem,bmacmychem41@google.nl,Female,218.4.38.38
147,Kerrin,Parkeson,kparkeson42@google.com.br,Non-binary,246.255.252.161
148,Sigfried,Baggalley,sbaggalley43@paypal.com,Polygender,133.146.159.206
149,Diannne,Chuney,dchuney44@desdev.cn,Genderqueer,255.122.45.29
150,Duky,Elderkin,delderkin45@alexa.com,Male,236.67.223.164
151,Jill,Scrauniage,jscrauniage46@gravatar.com,Genderfluid,197.174.59.252
152,Millisent,Langdale,mlangdale47@abc.net.au,Genderfluid,224.93.26.14
153,Renae,Kelston,rkelston48@blogger.com,Polygender,40.226.166.221
154,Natalya,Chaundy,nchaundy49@wsj.com,Agender,96.65.90.186
155,Clayson,Dyble,cdyble4a@weebly.com,Genderqueer,236.137.81.44
156,Robinetta,Melley,rmelley4b@discovery.com,Polygender,6.230.88.150
157,Charin,Twelvetree,ctwelvetree4c@nytimes.com,Genderqueer,157.53.21.38
158,Nil,Rigardeau,nrigardeau4d@google.com.br,Polygender,34.19.27.153
159,Anallese,Petren,apetren4e@slideshare.net,Male,17.195.118.222
160,Janis,Ciccerale,jciccerale4f@marketwatch.com,Male,37.18.75.189
161,Brianne,Bloodworthe,bbloodworthe4g@bluehost.com,Bigender,7.93.230.117
162,Barry,Vedekhin,bvedekhin4h@ox.ac.uk,Female,188.198.96.154
163,Sherman,Ballham,sballham4i@usda.gov,Genderqueer,251.115.169.140
164,Granny,Whitta,gwhitta4j@jugem.jp,Genderqueer,0.178.175.98
165,Viv,Steagall,vsteagall4k@fda.gov,Female,169.130.227.79
166,Cross,Tourner,ctourner4l@mashable.com,Genderqueer,195.251.188.39
167,Goldarina,Massimi,gmassimi4m@furl.net,Genderqueer,226.47.64.53
168,Charin,Scarlan,cscarlan4n@jimdo.com,Polygender,245.33.7.77
169,Nichols,Gristwood,ngristwood4o@mlb.com,Bigender,18.64.103.125
170,Jammie,Cruickshank,jcruickshank4p@4shared.com,Bigender,165.103.101.212
171,Riley,Tocknell,rtocknell4q@quantcast.com,Non-binary,105.50.133.8
172,Noami,Bathersby,nbathersby4r@e-recht24.de,Non-binary,139.31.237.218
173,Nanny,Guttridge,nguttridge4s@sitemeter.com,Agender,146.153.126.133
174,Sherrie,Tamas,stamas4t@cmu.edu,Genderfluid,224.87.160.68
175,Janith,Boatman,jboatman4u@washington.edu,Genderqueer,138.242.42.197
176,Milli,Conwell,mconwell4v@paypal.com,Female,129.175.246.179
177,Alonso,England,aengland4w@istockphoto.com,Non-binary,229.236.218.65
178,Marylin,Angrock,mangrock4x@wordpress.org,Genderqueer,187.82.218.254
179,Robinett,Bealton,rbealton4y@newyorker.com,Female,52.221.49.152
180,Clevie,Fallow,cfallow4z@examiner.com,Polygender,103.208.77.1
181,Keslie,Leadstone,kleadstone50@columbia.edu,Female,117.245.139.165
182,Florella,Westmarland,fwestmarland51@wsj.com,Bigender,238.143.45.239
183,Sigfrid,Prisley,sprisley52@ebay.co.uk,Male,30.240.64.243
184,Liuka,Liddard,lliddard53@walmart.com,Agender,58.72.237.119
185,Jobie,Davidai,jdavidai54@blogtalkradio.com,Non-binary,207.16.228.105
186,Daisi,Ferrillo,dferrillo55@vistaprint.com,Polygender,60.221.195.155
187,Bucky,Yousef,byousef56@oakley.com,Non-binary,196.15.142.33
188,Andeee,Aseef,aaseef57@cpanel.net,Genderqueer,23.158.45.247
189,Gretal,Arons,garons58@google.nl,Bigender,121.50.23.8
190,Bathsheba,Gunn,bgunn59@mapquest.com,Genderfluid,105.103.161.166
191,Lindon,Durak,ldurak5a@google.it,Male,192.247.128.32
192,Alisa,Larciere,alarciere5b@list-manage.com,Genderfluid,31.96.151.207
193,Torrin,Opdenort,topdenort5c@mail.ru,Non-binary,216.244.216.95
194,Barnebas,Collyns,bcollyns5d@hostgator.com,Genderqueer,57.63.96.104
195,Idalina,Siddle,isiddle5e@prlog.org,Agender,106.94.44.213
196,Opal,Patinkin,opatinkin5f@vk.com,Female,234.176.92.156
197,Janey,O'Lenechan,jolenechan5g@acquirethisname.com,Polygender,64.50.21.155
198,Ewell,Gotling,egotling5h@ca.gov,Bigender,199.8.143.144
199,Claribel,Leimster,cleimster5i@house.gov,Male,103.254.119.214
200,Mariejeanne,Partener,mpartener5j@nydailynews.com,Male,88.178.16.21
201,Herbert,Treske,htreske5k@indiatimes.com,Male,104.224.136.92
202,Nicolea,Esbrook,nesbrook5l@cnn.com,Genderqueer,0.143.156.244
203,Avie,Grandham,agrandham5m@tinypic.com,Genderfluid,234.228.197.36
204,Justinian,Satterlee,jsatterlee5n@spiegel.de,Male,56.117.62.79
205,Irma,Mickleborough,imickleborough5o@quantcast.com,Polygender,48.152.46.15
206,Hewie,Paxman,hpaxman5p@huffingtonpost.com,Polygender,195.174.236.163
207,Sully,Vader,svader5q@kickstarter.com,Polygender,105.137.214.17
208,Jewelle,O'Corhane,jocorhane5r@psu.edu,Male,210.189.25.143
209,Bay,Liddiard,bliddiard5s@craigslist.org,Polygender,242.58.238.145
210,Thatch,Tythe,ttythe5t@parallels.com,Non-binary,229.164.203.155
211,Janetta,Soutter,jsoutter5u@google.it,Polygender,177.131.128.126
212,Shaylynn,MacPaden,smacpaden5v@hao123.com,Female,164.116.89.43
213,Lorrin,Clemoes,lclemoes5w@arizona.edu,Bigender,189.180.36.126
214,Farly,Keddie,fkeddie5x@ca.gov,Polygender,146.151.42.252
215,Tabby,Sier,tsier5y@moonfruit.com,Male,40.206.44.34
216,Daven,Flintoffe,dflintoffe5z@mashable.com,Bigender,58.81.12.42
217,Alyse,Flintoft,aflintoft60@zdnet.com,Male,183.133.76.222
218,Fran,Pretsell,fpretsell61@dailymotion.com,Polygender,17.228.130.214
219,Dav,McQuillin,dmcquillin62@newyorker.com,Male,32.95.224.152
220,Juline,Yakovich,jyakovich63@uiuc.edu,Non-binary,100.26.6.99
221,Arch,Fenner,afenner64@gravatar.com,Genderqueer,253.62.90.44
222,Erminie,Cuardall,ecuardall65@deviantart.com,Female,241.134.10.157
223,Maxie,Luchelli,mluchelli66@ustream.tv,Bigender,208.14.111.220
224,Bria,Golden,bgolden67@goo.gl,Female,84.60.216.213
225,Ryon,Alekhov,ralekhov68@loc.gov,Genderfluid,86.15.92.120
226,Kiley,Shalders,kshalders69@goo.ne.jp,Non-binary,14.95.229.191
227,Chelsey,Ramel,cramel6a@mac.com,Female,214.127.33.100
228,Gran,Danell,gdanell6b@buzzfeed.com,Agender,95.112.236.243
229,Margareta,Calway,mcalway6c@nifty.com,Genderqueer,78.17.178.123
230,Von,Woodison,vwoodison6d@drupal.org,Genderqueer,177.169.125.131
231,Trisha,Cassius,tcassius6e@scientificamerican.com,Non-binary,253.58.34.163
232,My,Zanassi,mzanassi6f@360.cn,Genderfluid,210.97.96.167
233,Maurene,Frigot,mfrigot6g@facebook.com,Genderfluid,215.134.69.213
234,Lauretta,Goodrick,lgoodrick6h@telegraph.co.uk,Male,215.162.54.120
235,Adan,Donan,adonan6i@blogtalkradio.com,Agender,88.191.153.147
236,Kori,Eustanch,keustanch6j@shop-pro.jp,Agender,95.23.250.30
237,Abigail,Hearnaman,ahearnaman6k@shop-pro.jp,Male,137.229.48.122
238,Horten,Johns,hjohns6l@amazon.co.uk,Male,244.183.222.53
239,Viviana,Matisse,vmatisse6m@fastcompany.com,Non-binary,203.96.41.69
240,Ezechiel,Pullman,epullman6n@slashdot.org,Bigender,207.15.244.156
241,Jackie,Stoffel,jstoffel6o@netscape.com,Genderqueer,184.166.209.78
242,Mayne,Ivory,mivory6p@msn.com,Male,118.153.69.27
243,Suzanne,Wix,swix6q@dropbox.com,Genderqueer,237.121.33.86
244,Tessy,Lynskey,tlynskey6r@barnesandnoble.com,Male,124.97.125.141
245,Coleen,Dennick,cdennick6s@imdb.com,Genderfluid,164.66.23.150
246,Talbert,Winslade,twinslade6t@comsenz.com,Agender,40.6.54.50
247,Penn,Kinton,pkinton6u@usnews.com,Male,23.132.21.172
248,Tiffy,Magrannell,tmagrannell6v@amazonaws.com,Non-binary,176.121.217.131
249,Silvester,Greenhill,sgreenhill6w@bigcartel.com,Genderqueer,118.141.46.51
250,Aarika,Chidler,achidler6x@eventbrite.com,Genderqueer,78.105.233.241
251,Celie,Yousef,cyousef6y@jimdo.com,Non-binary,149.166.164.227
252,Ardyth,Gudde,agudde6z@dion.ne.jp,Genderfluid,237.125.232.223
253,Berkley,Brigdale,bbrigdale70@redcross.org,Polygender,39.76.189.171
254,Melvyn,Auston,mauston71@edublogs.org,Agender,7.39.46.244
255,Marianne,Basso,mbasso72@time.com,Genderqueer,218.76.59.151
256,Mandi,Butrimovich,mbutrimovich73@ifeng.com,Male,105.126.249.91
257,Johnna,Boulsher,jboulsher74@stumbleupon.com,Male,86.42.242.54
258,Yves,Redhills,yredhills75@networkadvertising.org,Non-binary,117.215.28.99
259,Ruperto,Tripet,rtripet76@t.co,Genderfluid,120.93.244.248
260,Miguela,Gillebride,mgillebride77@baidu.com,Bigender,71.148.19.139
261,Bernardo,Works,bworks78@alibaba.com,Polygender,242.84.71.28
262,Bel,Maykin,bmaykin79@nasa.gov,Polygender,79.86.85.255
263,Adelind,Dobrovolny,adobrovolny7a@nature.com,Bigender,120.136.254.99
264,Pate,Waight,pwaight7b@answers.com,Genderqueer,12.137.182.215
265,Melly,Kubacki,mkubacki7c@epa.gov,Female,166.161.140.224
266,Porter,Grieveson,pgrieveson7d@umn.edu,Male,29.80.15.245
267,Briny,Pechet,bpechet7e@360.cn,Genderqueer,39.158.96.163
268,Luciana,Autie,lautie7f@nhs.uk,Bigender,153.232.116.57
269,Griffie,Sloey,gsloey7g@va.gov,Non-binary,184.63.144.235
270,Bride,Hooks,bhooks7h@auda.org.au,Bigender,26.101.209.98
271,Dorelle,Grisewood,dgrisewood7i@ucsd.edu,Agender,52.96.206.177
272,Eyde,Fallowes,efallowes7j@fc2.com,Female,72.120.115.250
273,Meara,Heberden,mheberden7k@tripod.com,Female,246.7.226.137
274,Fields,Yitzhak,fyitzhak7l@yellowpages.com,Bigender,235.34.125.8
275,Eustace,Treasure,etreasure7m@exblog.jp,Genderqueer,189.236.43.225
276,Rena,Speeks,rspeeks7n@vkontakte.ru,Female,109.4.17.176
277,Alisha,Tatlock,atatlock7o@g.co,Agender,84.142.98.74
278,Garvy,Hillock,ghillock7p@fc2.com,Genderqueer,208.206.150.162
279,Efren,Collin,ecollin7q@mozilla.com,Polygender,111.142.35.119
280,Leonerd,Yardy,lyardy7r@utexas.edu,Bigender,226.161.80.194
281,Nicolina,Duny,nduny7s@is.gd,Male,208.161.4.88
282,Ivette,Charlick,icharlick7t@geocities.com,Polygender,215.193.139.52
283,Eb,Warbeys,ewarbeys7u@exblog.jp,Bigender,113.25.62.252
284,Maggee,Tacker,mtacker7v@earthlink.net,Polygender,2.244.230.230
285,Hattie,Warre,hwarre7w@ask.com,Female,248.30.107.141
286,Thea,Iczokvitz,ticzokvitz7x@blogs.com,Genderqueer,128.10.103.78
287,Maria,O'Criane,mocriane7y@hao123.com,Female,172.65.182.140
288,Golda,Cholmondeley,gcholmondeley7z@hud.gov,Genderfluid,201.229.16.49
289,Care,Jouanet,cjouanet80@baidu.com,Agender,106.128.146.143
290,Gusty,McCamish,gmccamish81@goodreads.com,Male,185.70.29.168
291,Ambros,Munnings,amunnings82@forbes.com,Genderfluid,231.141.184.15
292,Addie,Bollum,abollum83@artisteer.com,Female,45.125.110.112
293,Claudia,Worrill,cworrill84@cnbc.com,Genderqueer,3.163.89.58
294,Zora,Chrispin,zchrispin85@webs.com,Bigender,197.209.56.238
295,Eddie,Gaskamp,egaskamp86@senate.gov,Female,246.49.136.190
296,Iris,Billington,ibillington87@wikia.com,Genderqueer,199.213.198.55
297,Elissa,Tackell,etackell88@constantcontact.com,Genderqueer,29.41.185.138
298,Zacharias,Deares,zdeares89@bloglines.com,Non-binary,237.146.213.1
299,Malia,Jouannin,mjouannin8a@digg.com,Male,220.229.106.242
300,Ardisj,Deakin,adeakin8b@jalbum.net,Non-binary,131.41.21.245
301,Lauree,Salterne,lsalterne8c@ehow.com,Agender,59.206.250.207
302,Daria,Baitman,dbaitman8d@wikipedia.org,Genderqueer,69.129.71.172
303,Arlinda,Fearne,afearne8e@paginegialle.it,Agender,170.206.46.205
304,Hewet,Aylmer,haylmer8f@google.pl,Female,19.135.85.126
305,Mikel,Annis,mannis8g@wordpress.org,Female,27.8.170.160
306,Enrico,Dalgarno,edalgarno8h@xrea.com,Male,197.36.131.14
307,Hephzibah,Jelly,hjelly8i@wunderground.com,Bigender,45.96.60.113
308,Jacob,Reimers,jreimers8j@ovh.net,Female,175.64.191.127
309,Gayla,Antonopoulos,gantonopoulos8k@mozilla.com,Male,215.41.58.206
310,Brendis,Donald,bdonald8l@fastcompany.com,Female,237.203.84.3
311,Dory,Punyer,dpunyer8m@disqus.com,Genderfluid,53.188.177.85
312,Travers,Sackler,tsackler8n@state.tx.us,Genderfluid,218.52.216.122
313,Annmarie,Ekins,aekins8o@mapquest.com,Male,90.135.164.104
314,Fredek,Scholard,fscholard8p@java.com,Female,229.149.176.197
315,Dom,Godney,dgodney8q@nydailynews.com,Female,189.162.194.128
316,Bennie,Raisbeck,braisbeck8r@icq.com,Female,168.248.171.52
317,Dillon,Bransom,dbransom8s@cdbaby.com,Male,37.49.119.26
318,Marcia,Donoher,mdonoher8t@businesswire.com,Male,86.82.67.245
319,Imogen,Croote,icroote8u@ehow.com,Agender,207.112.232.132
320,Nariko,Pretty,npretty8v@xinhuanet.com,Female,14.60.125.55
321,Benjie,Goacher,bgoacher8w@go.com,Polygender,224.81.89.204
322,Addi,Plaschke,aplaschke8x@typepad.com,Bigender,79.13.57.169
323,Amos,Steptow,asteptow8y@webs.com,Genderfluid,174.62.8.147
324,Sim,Brummitt,sbrummitt8z@tumblr.com,Male,189.231.41.56
325,Pru,Treat,ptreat90@myspace.com,Polygender,39.124.248.22
326,Sammy,Tumbridge,stumbridge91@hc360.com,Female,136.5.194.117
327,Krisha,Payn,kpayn92@statcounter.com,Genderqueer,151.177.3.188
328,Sarine,Rawkesby,srawkesby93@wisc.edu,Male,208.26.118.24
329,Kinna,Iglesias,kiglesias94@upenn.edu,Female,230.122.70.78
330,Marje,Brunstan,mbrunstan95@wikispaces.com,Agender,79.166.244.176
331,Cathi,Cleeve,ccleeve96@dailymotion.com,Non-binary,221.144.123.137
332,Brooke,Meeks,bmeeks97@1688.com,Agender,229.204.213.104
333,Fred,Gorini,fgorini98@ihg.com,Polygender,68.211.129.105
334,Hedi,Earey,hearey99@canalblog.com,Bigender,124.56.155.126
335,Garnette,Colegrove,gcolegrove9a@vistaprint.com,Non-binary,62.189.94.22
336,Desiri,Della,ddella9b@jimdo.com,Agender,226.110.181.51
337,Jean,Densun,jdensun9c@taobao.com,Female,69.143.77.204
338,Bernita,Hew,bhew9d@tinypic.com,Agender,95.43.132.53
339,Ellwood,Dunkinson,edunkinson9e@123-reg.co.uk,Polygender,71.151.125.56
340,Aymer,Pelchat,apelchat9f@fc2.com,Polygender,89.21.145.160
341,Charlton,Blackbrough,cblackbrough9g@blogger.com,Agender,22.20.147.134
342,Alanna,Roulston,aroulston9h@fc2.com,Polygender,211.120.213.1
343,Noelle,Hedgeman,nhedgeman9i@seesaa.net,Genderfluid,244.159.181.190
344,Gavrielle,Swaffield,gswaffield9j@angelfire.com,Male,170.60.131.139
345,Tobey,Cubbini,tcubbini9k@google.ca,Agender,222.99.194.253
346,Lezley,Knath,lknath9l@google.pl,Genderqueer,144.71.89.126
347,Ham,Woolfitt,hwoolfitt9m@yahoo.com,Genderfluid,81.26.147.29
348,Ruggiero,Thorneywork,rthorneywork9n@icq.com,Bigender,77.236.166.98
349,Eadmund,Slator,eslator9o@nih.gov,Bigender,59.208.22.196
350,Alfons,Wright,awright9p@com.com,Non-binary,87.49.193.159
351,Arlin,Andri,aandri9q@cpanel.net,Genderfluid,3.120.111.191
352,Arluene,Jurczik,ajurczik9r@aol.com,Non-binary,169.232.134.48
353,Allina,Konert,akonert9s@nifty.com,Non-binary,236.250.248.79
354,Steffi,Sugg,ssugg9t@businessinsider.com,Non-binary,186.19.4.208
355,Scott,Pritchett,spritchett9u@php.net,Bigender,195.144.21.144
356,Arnuad,Joutapaitis,ajoutapaitis9v@biglobe.ne.jp,Non-binary,98.246.2.160
357,Francklin,Brun,fbrun9w@soup.io,Female,102.63.0.120
358,Lorne,Poppleston,lpoppleston9x@sun.com,Male,125.69.186.84
359,Roderic,Piddlesden,rpiddlesden9y@stanford.edu,Polygender,222.57.168.85
360,Diann,Chave,dchave9z@histats.com,Female,157.63.55.89
361,Jordan,Renoden,jrenodena0@ucsd.edu,Non-binary,150.59.95.154
362,Agnese,Denney,adenneya1@uiuc.edu,Non-binary,34.127.164.74
363,Glenden,Northleigh,gnorthleigha2@printfriendly.com,Genderqueer,171.158.34.217
364,Erick,Goodger,egoodgera3@list-manage.com,Female,63.125.203.206
365,Evangelin,Gummie,egummiea4@youtu.be,Genderqueer,204.32.217.128
366,Nataline,Zorzin,nzorzina5@skype.com,Male,227.172.146.199
367,Hillary,Kneel,hkneela6@jugem.jp,Genderqueer,82.193.9.160
368,Dorothea,Bouldon,dbouldona7@globo.com,Non-binary,142.239.71.163
369,Brita,Kayes,bkayesa8@dedecms.com,Polygender,38.57.130.183
370,Lyndsey,Scrauniage,lscrauniagea9@symantec.com,Polygender,56.176.233.47
371,Yoko,Limmer,ylimmeraa@ycombinator.com,Non-binary,52.122.133.255
372,Lorain,Valeri,lvaleriab@mysql.com,Non-binary,157.2.232.116
373,Prudy,Parell,pparellac@opera.com,Female,206.237.253.131
374,Irving,Paffot,ipaffotad@sciencedaily.com,Genderqueer,99.135.69.143
375,Arin,Ties,atiesae@csmonitor.com,Non-binary,66.145.185.148
376,Suzann,Durrant,sdurrantaf@nationalgeographic.com,Agender,203.12.135.51
377,Therese,Parks,tparksag@unesco.org,Female,78.53.16.31
378,Bili,Lineham,blinehamah@mit.edu,Genderqueer,218.176.181.181
379,Vanya,Lattie,vlattieai@ox.ac.uk,Genderqueer,112.82.221.19
380,Silvain,Rubinov,srubinovaj@exblog.jp,Female,77.144.19.184
381,Forrest,Bogey,fbogeyak@wordpress.org,Female,176.175.218.167
382,Berkley,McGinney,bmcginneyal@cbsnews.com,Genderqueer,178.89.201.1
383,Aldric,Inge,aingeam@state.gov,Bigender,70.22.226.219
384,Vinson,Antill,vantillan@mysql.com,Female,110.148.226.106
385,Natalina,Hayter,nhayterao@illinois.edu,Male,184.236.51.252
386,Deck,Bartell,dbartellap@symantec.com,Genderqueer,188.56.128.153
387,Yardley,Rupert,yrupertaq@oakley.com,Agender,147.148.58.225
388,Holden,Franceschelli,hfranceschelliar@who.int,Polygender,66.89.71.49
389,Jerrylee,Symms,jsymmsas@de.vu,Male,71.58.153.67
390,Leola,Kobpal,lkobpalat@columbia.edu,Genderqueer,236.118.136.144
391,Berny,Legge,bleggeau@xing.com,Genderfluid,121.27.15.147
392,Marietta,Halls,mhallsav@theguardian.com,Bigender,108.169.188.25
393,Batholomew,Randalson,brandalsonaw@mac.com,Agender,218.16.187.171
394,Olenka,Jacobbe,ojacobbeax@businessweek.com,Genderfluid,110.179.69.204
395,Leanna,Stenett,lstenettay@multiply.com,Bigender,60.194.104.71
396,Gregory,Borrel,gborrelaz@nasa.gov,Bigender,171.122.241.237
397,Boote,Vasilyonok,bvasilyonokb0@freewebs.com,Agender,122.106.193.232
398,Jaine,Breadon,jbreadonb1@ustream.tv,Polygender,90.120.77.151
399,Nathanial,Capstaff,ncapstaffb2@altervista.org,Agender,251.24.238.14
400,De,Dawidsohn,ddawidsohnb3@who.int,Polygender,220.210.51.117
401,Zacharie,Lloyds,zlloydsb4@symantec.com,Genderqueer,235.125.118.169
402,Josephine,Rihosek,jrihosekb5@yale.edu,Female,79.198.78.110
403,Salmon,Hulance,shulanceb6@deviantart.com,Non-binary,31.67.180.248
404,Adelind,Darnell,adarnellb7@cyberchimps.com,Genderqueer,138.56.1.166
405,Hyatt,Wyman,hwymanb8@naver.com,Polygender,43.111.146.251
406,Augustus,Maybey,amaybeyb9@themeforest.net,Bigender,215.173.139.86
407,Mikel,Copello,mcopelloba@cdc.gov,Male,94.146.121.177
408,Welbie,Churchard,wchurchardbb@prweb.com,Male,114.254.205.58
409,Kendricks,Toye,ktoyebc@globo.com,Non-binary,166.57.156.99
410,Candra,Thynn,cthynnbd@sphinn.com,Bigender,7.158.156.134
411,Layla,Redwall,lredwallbe@exblog.jp,Polygender,48.60.123.128
412,Chelsey,Tolemache,ctolemachebf@facebook.com,Male,100.157.112.27
413,Tamma,Kidd,tkiddbg@theguardian.com,Female,123.242.42.4
414,Justinn,Wickenden,jwickendenbh@newsvine.com,Male,149.0.171.116
415,Gearalt,Nalder,gnalderbi@a8.net,Genderfluid,143.142.199.236
416,Iosep,Ponnsett,iponnsettbj@home.pl,Agender,194.204.203.185
417,Kathryn,Chrishop,kchrishopbk@meetup.com,Non-binary,118.94.240.208
418,Ernestus,Rippen,erippenbl@netvibes.com,Bigender,227.151.15.187
419,Tabatha,Horlock,thorlockbm@omniture.com,Male,249.184.72.101
420,Alejandrina,MacGorley,amacgorleybn@cbsnews.com,Polygender,189.18.86.215
421,Ashly,Kenner,akennerbo@jigsy.com,Female,224.63.32.137
422,Ailene,Sculley,asculleybp@digg.com,Genderqueer,13.153.191.252
423,Cristi,Instock,cinstockbq@ustream.tv,Polygender,57.56.193.30
424,Andrew,Pahler,apahlerbr@foxnews.com,Genderqueer,99.150.138.93
425,Paula,Mandrier,pmandrierbs@acquirethisname.com,Genderqueer,137.199.58.42
426,Samuele,Ballintime,sballintimebt@wordpress.com,Bigender,111.67.146.221
427,Massimo,Jordin,mjordinbu@adobe.com,Agender,42.149.169.85
428,Von,Malbon,vmalbonbv@skype.com,Genderfluid,37.21.150.240
429,Haze,Dimitresco,hdimitrescobw@zdnet.com,Non-binary,185.130.68.183
430,Stavro,Ineson,sinesonbx@privacy.gov.au,Polygender,169.54.95.104
431,Kiel,Hawford,khawfordby@ebay.co.uk,Polygender,232.173.15.253
432,Bordy,Ivanchin,bivanchinbz@usa.gov,Genderqueer,126.105.53.219
433,Spencer,Couvet,scouvetc0@1und1.de,Genderfluid,46.9.59.62
434,Ty,Leisk,tleiskc1@cbc.ca,Male,204.230.108.117
435,Gwyn,Incogna,gincognac2@g.co,Bigender,255.123.13.199
436,Mella,Westwood,mwestwoodc3@fotki.com,Agender,108.130.126.31
437,Cynthea,Chavrin,cchavrinc4@patch.com,Polygender,183.82.92.142
438,Rinaldo,Tapton,rtaptonc5@discovery.com,Polygender,251.126.59.226
439,Gabie,Burridge,gburridgec6@qq.com,Non-binary,85.225.141.175
440,Anjela,Waddilow,awaddilowc7@cyberchimps.com,Genderfluid,174.219.42.132
441,Micah,Swadling,mswadlingc8@yelp.com,Polygender,202.199.219.92
442,Ruthanne,Jerschke,rjerschkec9@hexun.com,Bigender,185.4.240.2
443,Alyssa,Dorbon,adorbonca@msu.edu,Genderqueer,71.239.134.124
444,Hester,Pechold,hpecholdcb@sciencedaily.com,Female,203.125.189.231
445,Kerwinn,Craighill,kcraighillcc@washingtonpost.com,Agender,62.251.132.159
446,Butch,Croydon,bcroydoncd@jigsy.com,Male,63.207.210.53
447,Fabien,Holstein,fholsteince@who.int,Non-binary,8.149.40.184
448,Alvis,Chrstine,achrstinecf@ask.com,Male,20.116.243.7
449,Katharine,Bushe,kbushecg@upenn.edu,Genderqueer,102.169.85.134
450,Blane,Spawton,bspawtonch@last.fm,Genderqueer,206.252.134.135
451,Edythe,Coughan,ecoughanci@irs.gov,Polygender,84.136.49.115
452,Archer,Manterfield,amanterfieldcj@facebook.com,Female,26.35.197.251
453,Barnett,Carbin,bcarbinck@xrea.com,Polygender,213.141.250.247
454,Delcine,Doggrell,ddoggrellcl@europa.eu,Male,238.156.87.127
455,Rick,Gilbeart,rgilbeartcm@webmd.com,Bigender,7.37.34.67
456,Ally,Gillespey,agillespeycn@networksolutions.com,Genderfluid,169.62.53.118
457,Nap,Hinchcliffe,nhinchcliffeco@wordpress.com,Agender,253.8.94.44
458,Christopher,Veighey,cveigheycp@freewebs.com,Male,94.112.170.132
459,Clemmie,Geach,cgeachcq@list-manage.com,Bigender,7.26.46.40
460,Elka,Kermott,ekermottcr@jiathis.com,Male,179.59.222.70
461,Luz,McIlheran,lmcilherancs@tinypic.com,Bigender,186.253.158.15
462,Christen,Rupprecht,crupprechtct@tuttocitta.it,Genderfluid,64.217.248.219
463,Nixie,Cullrford,ncullrfordcu@lycos.com,Genderfluid,109.108.233.76
464,Simonette,Aimeric,saimericcv@ebay.com,Bigender,16.143.135.243
465,Hurley,Capelow,hcapelowcw@ox.ac.uk,Male,129.232.72.138
466,Lorinda,Carass,lcarasscx@dedecms.com,Female,253.46.190.125
467,Sapphira,Bunton,sbuntoncy@elpais.com,Male,220.45.209.133
468,Kamila,La Torre,klatorrecz@icio.us,Female,125.237.198.76
469,Shelly,Dudleston,sdudlestond0@symantec.com,Genderfluid,98.20.190.132
470,Ronica,O'Scanlon,roscanlond1@cnn.com,Female,13.215.214.44
471,Gregoor,Hiddersley,ghiddersleyd2@friendfeed.com,Agender,155.94.62.60
472,Siegfried,Bleddon,sbleddond3@liveinternet.ru,Polygender,122.69.87.99
473,Gareth,Melbourn,gmelbournd4@indiegogo.com,Bigender,221.142.240.154
474,Phaedra,Praten,ppratend5@photobucket.com,Polygender,241.204.184.1
475,Neilla,Skittrall,nskittralld6@mail.ru,Agender,17.208.59.6
476,Whittaker,Ranscomb,wranscombd7@mozilla.com,Agender,69.28.80.76
477,Aaren,Kilmurray,akilmurrayd8@craigslist.org,Genderfluid,123.208.77.252
478,Barbabas,Isselee,bisseleed9@php.net,Agender,155.226.27.56
479,Lebbie,Skarin,lskarinda@opensource.org,Genderfluid,1.128.100.184
480,Nonah,Driffe,ndriffedb@thetimes.co.uk,Agender,243.140.173.111
481,Will,Clitherow,wclitherowdc@senate.gov,Female,87.117.44.15
482,Maximo,Kiffe,mkiffedd@ebay.co.uk,Non-binary,47.99.51.139
483,Xever,Wayman,xwaymande@shinystat.com,Agender,179.69.190.77
484,Noni,Le Bosse,nlebossedf@marriott.com,Genderqueer,32.246.74.12
485,Harris,Wonter,hwonterdg@com.com,Genderfluid,23.209.129.181
486,Reeva,Pepineaux,rpepineauxdh@plala.or.jp,Male,81.143.245.32
487,Tabby,Vermer,tvermerdi@reverbnation.com,Bigender,166.184.70.212
488,Troy,O'Grogane,togroganedj@wikipedia.org,Polygender,163.10.6.42
489,Mikol,Annon,mannondk@msu.edu,Bigender,155.213.143.176
490,Jareb,Klimus,jklimusdl@ow.ly,Bigender,145.54.127.77
491,Glenn,Turville,gturvilledm@prnewswire.com,Polygender,93.81.183.49
492,Porty,Hanna,phannadn@nasa.gov,Agender,196.163.122.62
493,Valencia,Dudley,vdudleydo@live.com,Genderfluid,103.90.101.112
494,Freddy,Littledike,flittledikedp@pbs.org,Bigender,224.42.163.166
495,Mella,Menichillo,mmenichillodq@nymag.com,Agender,142.3.32.231
496,Thurstan,Lelliott,tlelliottdr@ox.ac.uk,Genderqueer,235.214.134.30
497,Alessandra,Boyle,aboyleds@ft.com,Male,117.105.60.103
498,Inesita,Dilloway,idillowaydt@narod.ru,Non-binary,121.33.161.120
499,Joyce,Dundredge,jdundredgedu@reuters.com,Male,191.2.57.241
500,Colene,Fickling,cficklingdv@thetimes.co.uk,Female,170.236.214.115
501,Kaylyn,MacNish,kmacnishdw@storify.com,Genderqueer,168.247.83.107
502,Nata,Olorenshaw,nolorenshawdx@meetup.com,Bigender,215.93.154.127
503,Agna,MacKintosh,amackintoshdy@phoca.cz,Genderqueer,13.35.13.118
504,Rogerio,Booij,rbooijdz@patch.com,Bigender,91.149.13.158
505,Ardine,Hartington,ahartingtone0@facebook.com,Female,60.83.137.74
506,Marguerite,Larrad,mlarrade1@redcross.org,Male,103.225.0.247
507,Mary,Agott,magotte2@sciencedirect.com,Agender,63.30.249.33
508,Che,Edgington,cedgingtone3@bizjournals.com,Female,128.94.9.110
509,Cassey,Warr,cwarre4@toplist.cz,Male,44.150.37.82
510,Alley,Giblin,agibline5@livejournal.com,Non-binary,213.220.224.176
511,Junina,Drinkeld,jdrinkelde6@mapy.cz,Bigender,13.49.194.90
512,Ephrem,Keyho,ekeyhoe7@fema.gov,Genderqueer,85.165.94.101
513,Ericha,Blackmoor,eblackmoore8@quantcast.com,Female,101.36.177.230
514,Krystal,Betty,kbettye9@fc2.com,Genderfluid,179.196.173.40
515,Noell,Anan,nananea@guardian.co.uk,Non-binary,172.53.142.53
516,Sunny,Underhill,sunderhilleb@alexa.com,Genderfluid,133.59.248.132
517,Pierson,Python,ppythonec@slate.com,Female,55.149.228.149
518,Briggs,Kintzel,bkintzeled@google.it,Male,37.227.55.123
519,Vita,Sanchis,vsanchisee@blogtalkradio.com,Bigender,155.160.224.59
520,Marshal,Leifer,mleiferef@deviantart.com,Female,139.19.121.67
521,Jaymee,Halladay,jhalladayeg@ning.com,Agender,151.246.77.62
522,Timofei,Miell,tmielleh@phpbb.com,Female,7.146.164.177
523,William,Nutton,wnuttonei@flickr.com,Polygender,222.163.94.49
524,Verile,Curror,vcurrorej@psu.edu,Non-binary,34.79.47.2
525,Devlin,Sykora,dsykoraek@cnn.com,Agender,25.172.183.212
526,Dorris,Hilliam,dhilliamel@archive.org,Agender,52.232.7.224
527,Ninnette,Grabham,ngrabhamem@globo.com,Bigender,138.191.54.87
528,Ingrid,Gillford,igillforden@redcross.org,Genderqueer,111.171.232.83
529,Theda,Dabourne,tdabourneeo@wikimedia.org,Agender,8.140.136.18
530,Shawna,Plume,splumeep@microsoft.com,Genderfluid,166.27.90.46
531,Neils,Stitch,nstitcheq@theguardian.com,Polygender,158.125.205.234
532,Zilvia,Lamble,zlambleer@xing.com,Polygender,189.103.227.155
533,Inez,Exell,iexelles@trellian.com,Bigender,183.149.126.96
534,Kendre,McCrum,kmccrumet@nymag.com,Polygender,177.59.197.36
535,Karlene,Florio,kflorioeu@latimes.com,Male,243.149.113.50
536,Frannie,Coners,fconersev@nytimes.com,Female,174.190.94.156
537,Titos,Kiley,tkileyew@amazon.com,Agender,1.245.202.180
538,Sofia,Enoch,senochex@vinaora.com,Genderqueer,10.22.200.210
539,Romain,Birkmyre,rbirkmyreey@oaic.gov.au,Genderqueer,180.118.42.2
540,Kathryn,Richardsson,krichardssonez@last.fm,Male,163.196.150.164
541,Cheryl,Kaas,ckaasf0@about.me,Female,10.226.62.153
542,Galina,Dixey,gdixeyf1@yellowbook.com,Agender,199.16.158.225
543,Erhart,Dearnly,edearnlyf2@phoca.cz,Polygender,231.252.0.244
544,Hanni,Bareford,hbarefordf3@clickbank.net,Male,124.255.105.12
545,Kerianne,Oxnam,koxnamf4@opensource.org,Female,137.1.109.210
546,Lauretta,Heatlie,lheatlief5@kickstarter.com,Agender,135.68.127.138
547,Rollins,Warfield,rwarfieldf6@yellowbook.com,Genderqueer,31.44.206.206
548,Tessie,Lestrange,tlestrangef7@imgur.com,Male,54.121.247.15
549,Quill,Asser,qasserf8@g.co,Female,74.246.199.114
550,Terri-jo,Valance,tvalancef9@symantec.com,Male,228.148.121.78
551,Boyce,Benedettini,bbenedettinifa@ihg.com,Non-binary,36.118.110.156
552,Sanderson,Cawdell,scawdellfb@technorati.com,Polygender,165.47.51.62
553,Ethelda,Flippen,eflippenfc@phpbb.com,Non-binary,159.126.195.21
554,Benjamin,Geldeard,bgeldeardfd@hatena.ne.jp,Male,101.61.40.56
555,Ame,Umpleby,aumplebyfe@dyndns.org,Female,91.252.207.204
556,Letisha,Wreath,lwreathff@si.edu,Agender,175.222.195.97
557,Reuben,Guerry,rguerryfg@storify.com,Agender,235.17.111.121
558,Karisa,Pawelec,kpawelecfh@cbslocal.com,Female,68.239.131.153
559,Sondra,Marshland,smarshlandfi@netscape.com,Bigender,237.64.84.187
560,Lani,Bales,lbalesfj@51.la,Non-binary,32.130.142.168
561,Patricio,Skegg,pskeggfk@altervista.org,Non-binary,40.191.105.138
562,Kevina,Rothera,krotherafl@bizjournals.com,Agender,170.178.29.252
563,Natalie,Wheelan,nwheelanfm@geocities.com,Bigender,65.93.59.216
564,Arnold,Samsin,asamsinfn@amazon.co.jp,Genderfluid,63.76.255.14
565,Laurena,Terbeck,lterbeckfo@jiathis.com,Agender,235.83.149.130
566,Roscoe,Tipton,rtiptonfp@ustream.tv,Genderfluid,226.119.92.155
567,Peggy,Lefeaver,plefeaverfq@hc360.com,Agender,129.37.11.92
568,Sarine,Goldhill,sgoldhillfr@webs.com,Genderqueer,163.186.235.146
569,Pat,Pedel,ppedelfs@patch.com,Male,254.71.29.57
570,Balduin,McCrossan,bmccrossanft@youtu.be,Polygender,112.64.52.145
571,Rhonda,Baggallay,rbaggallayfu@tmall.com,Male,90.101.170.3
572,Sherman,Arniz,sarnizfv@jigsy.com,Genderqueer,180.77.126.52
573,Reggie,Howsley,rhowsleyfw@is.gd,Male,180.251.180.133
574,Parrnell,Bexon,pbexonfx@typepad.com,Non-binary,236.140.156.37
575,Eldon,Prazer,eprazerfy@facebook.com,Genderfluid,187.197.144.66
576,Hersh,Ramirez,hramirezfz@google.ru,Female,99.231.217.21
577,Jessie,Spino,jspinog0@businessweek.com,Polygender,135.180.10.255
578,Sharron,Sames,ssamesg1@accuweather.com,Bigender,116.62.81.30
579,Persis,Jouannisson,pjouannissong2@tripadvisor.com,Non-binary,153.150.19.33
580,Konstantin,M'Quhan,kmquhang3@alexa.com,Non-binary,93.222.154.113
581,Kippie,Gyppes,kgyppesg4@princeton.edu,Genderfluid,238.107.249.184
582,Tiphanie,Devers,tdeversg5@umich.edu,Female,148.134.180.251
583,Fabe,Tarply,ftarplyg6@cbsnews.com,Genderqueer,71.50.115.117
584,Kelsy,Ezzle,kezzleg7@washington.edu,Agender,146.236.131.154
585,Chan,Duffell,cduffellg8@ucoz.ru,Genderqueer,87.91.29.30
586,Cati,Buffham,cbuffhamg9@discovery.com,Genderqueer,156.251.71.73
587,Adrea,Lyokhin,alyokhinga@indiatimes.com,Bigender,59.230.175.50
588,Stillman,Siely,ssielygb@amazon.co.uk,Bigender,126.186.187.175
589,Elvira,Angel,eangelgc@theguardian.com,Bigender,43.150.223.172
590,Susie,Corner,scornergd@ovh.net,Bigender,198.8.75.207
591,Jacki,Andreoletti,jandreolettige@furl.net,Female,48.82.68.242
592,Duffy,Bagshawe,dbagshawegf@house.gov,Genderqueer,193.211.251.214
593,Benedikta,Yablsley,byablsleygg@mozilla.org,Agender,4.199.220.229
594,Ogdon,Larkkem,olarkkemgh@cisco.com,Polygender,200.50.251.199
595,Kiele,Willars,kwillarsgi@yahoo.com,Polygender,214.177.20.237
596,Mychal,Brandle,mbrandlegj@blinklist.com,Agender,233.202.26.1
597,Gibby,Bumpus,gbumpusgk@howstuffworks.com,Genderqueer,23.163.192.32
598,Gussie,Hartas,ghartasgl@jigsy.com,Male,191.108.15.172
599,Glad,Wiffen,gwiffengm@parallels.com,Non-binary,50.45.114.184
600,Magda,Libreros,mlibrerosgn@marriott.com,Bigender,98.215.193.43
601,Georgena,Berrington,gberringtongo@phpbb.com,Female,214.192.33.113
602,Magdaia,Iglesia,miglesiagp@intel.com,Genderqueer,135.133.84.85
603,Ainsley,Berns,abernsgq@trellian.com,Male,98.3.49.36
604,Deborah,Emslie,demsliegr@chicagotribune.com,Agender,37.99.129.55
605,Marcelline,Plait,mplaitgs@godaddy.com,Polygender,18.102.9.154
606,Elbert,Margetts,emargettsgt@digg.com,Bigender,190.189.38.195
607,Sherwood,Dowman,sdowmangu@technorati.com,Polygender,191.255.231.6
608,Teddy,MacPhail,tmacphailgv@jugem.jp,Genderfluid,58.131.29.44
609,Ive,Verrick,iverrickgw@newsvine.com,Genderqueer,85.60.228.221
610,Durante,Sleet,dsleetgx@rakuten.co.jp,Bigender,117.197.116.186
611,Winni,Raunds,wraundsgy@google.com,Male,189.153.173.81
612,Gabe,Assinder,gassindergz@tripadvisor.com,Female,89.178.60.61
613,Colette,Dadley,cdadleyh0@ihg.com,Genderqueer,193.116.191.181
614,Nananne,Clapp,nclapph1@xing.com,Non-binary,225.120.51.41
615,Guillermo,Gasken,ggaskenh2@nature.com,Genderfluid,230.39.38.133
616,Stanislaus,Coales,scoalesh3@blinklist.com,Agender,15.141.194.120
617,Catrina,Mardall,cmardallh4@fastcompany.com,Genderfluid,181.11.19.14
618,Cassandra,Blanning,cblanningh5@yahoo.co.jp,Non-binary,176.87.172.27
619,Sherry,Goodridge,sgoodridgeh6@bigcartel.com,Non-binary,105.12.121.65
620,Hendrika,World,hworldh7@samsung.com,Genderfluid,250.127.189.89
621,Clayson,Bride,cbrideh8@nydailynews.com,Female,146.29.20.156
622,Selby,Rutigliano,srutiglianoh9@jalbum.net,Male,215.254.23.32
623,Kata,Fyfield,kfyfieldha@lycos.com,Agender,159.40.244.165
624,Mariana,Canti,mcantihb@intel.com,Male,148.88.149.214
625,Fritz,Blofield,fblofieldhc@nature.com,Genderqueer,124.44.254.141
626,Elvera,Insko,einskohd@umich.edu,Bigender,196.216.121.56
627,Brande,Cargo,bcargohe@reference.com,Polygender,84.126.149.77
628,Cassy,Panas,cpanashf@cnet.com,Bigender,206.164.166.242
629,Aurel,Summerell,asummerellhg@histats.com,Bigender,152.111.22.210
630,Sapphire,Fritchley,sfritchleyhh@rambler.ru,Genderfluid,75.195.240.216
631,Yolande,Maykin,ymaykinhi@liveinternet.ru,Female,44.161.64.32
632,Claudian,Lilburn,clilburnhj@spiegel.de,Agender,57.97.91.119
633,Nealson,Ellaway,nellawayhk@reference.com,Genderqueer,244.216.185.176
634,Reggie,Westall,rwestallhl@desdev.cn,Genderfluid,188.217.117.71
635,Lammond,Forster,lforsterhm@jigsy.com,Female,14.201.157.79
636,Marthena,Pires,mpireshn@google.com.hk,Female,69.235.72.147
637,Davina,Doucette,ddoucetteho@mlb.com,Bigender,81.155.171.82
638,Kippar,Roscher,kroscherhp@nsw.gov.au,Bigender,176.211.20.57
639,Cary,Robinette,crobinettehq@lycos.com,Polygender,14.200.143.126
640,Herbert,Gipp,hgipphr@microsoft.com,Polygender,181.35.255.207
641,Clevie,Cochern,ccochernhs@paginegialle.it,Male,224.192.144.84
642,Cyrillus,Strank,cstrankht@weebly.com,Genderfluid,233.95.22.98
643,Starla,Mackie,smackiehu@typepad.com,Bigender,58.77.44.182
644,Cass,Chidley,cchidleyhv@soup.io,Genderfluid,63.230.169.169
645,June,Varrow,jvarrowhw@cbsnews.com,Female,27.114.14.4
646,Brigham,Lidster,blidsterhx@meetup.com,Genderqueer,106.67.88.226
647,Thomasin,Lapping,tlappinghy@1688.com,Genderqueer,136.11.53.94
648,Lucille,Demeza,ldemezahz@last.fm,Genderqueer,49.255.12.140
649,Candace,Freestone,cfreestonei0@nationalgeographic.com,Female,88.115.220.52
650,Cher,Athersmith,cathersmithi1@java.com,Polygender,75.85.136.12
651,Bernita,Henrot,bhenroti2@bandcamp.com,Bigender,140.150.125.235
652,Othello,Gregan,ogregani3@cafepress.com,Polygender,182.19.22.104
653,Elfrieda,Panyer,epanyeri4@stanford.edu,Male,97.42.123.18
654,Eldridge,Newlyn,enewlyni5@patch.com,Bigender,26.81.155.203
655,Cameron,Gashion,cgashioni6@yahoo.com,Female,232.76.227.152
656,Dare,Cruttenden,dcruttendeni7@imdb.com,Genderqueer,67.253.58.125
657,Gabriele,Gerge,ggergei8@kickstarter.com,Genderfluid,83.74.63.44
658,Errick,Lettuce,elettucei9@foxnews.com,Genderfluid,88.13.228.1
659,Pierson,Baskett,pbaskettia@europa.eu,Bigender,218.165.50.233
660,Ettore,Weine,eweineib@gmpg.org,Genderfluid,71.52.254.16
661,Natka,Steptow,nsteptowic@globo.com,Male,188.133.198.217
662,Galvan,Bru,gbruid@prweb.com,Bigender,168.24.243.204
663,Stephanus,Teasdale,steasdaleie@sitemeter.com,Genderfluid,28.100.172.157
664,Pandora,Gheeraert,pgheeraertif@yolasite.com,Genderfluid,82.171.184.232
665,Delcine,Huc,dhucig@loc.gov,Genderqueer,115.98.51.197
666,Conway,Rozzell,crozzellih@merriam-webster.com,Genderqueer,4.175.33.252
667,Grazia,Tremblot,gtremblotii@spotify.com,Genderfluid,114.22.59.61
668,Rheba,Ratlee,rratleeij@icio.us,Non-binary,242.79.238.130
669,Mei,Tripon,mtriponik@aol.com,Genderfluid,173.59.161.90
670,Simmonds,Gatiss,sgatissil@redcross.org,Agender,219.6.10.156
671,Nevins,Valentino,nvalentinoim@intel.com,Male,52.197.65.231
672,Etheline,Dymick,edymickin@sfgate.com,Male,148.88.229.160
673,Blanch,Ullock,bullockio@etsy.com,Male,99.140.211.202
674,Rik,Fowell,rfowellip@odnoklassniki.ru,Non-binary,85.22.32.35
675,Stefania,Avory,savoryiq@amazon.co.jp,Non-binary,109.91.144.197
676,Lyndsay,Ivanin,livaninir@about.com,Male,82.155.132.250
677,Cairistiona,Schoolfield,cschoolfieldis@icq.com,Non-binary,212.102.99.126
678,Kayne,Rosbotham,krosbothamit@princeton.edu,Female,179.182.37.198
679,Nikolia,Proudler,nproudleriu@dot.gov,Polygender,255.12.73.36
680,Farrah,Besantie,fbesantieiv@vimeo.com,Female,245.238.148.47
681,Urban,Issit,uissitiw@comcast.net,Agender,81.110.114.173
682,Darrelle,Amort,damortix@utexas.edu,Polygender,219.5.141.137
683,Heddie,Stenet,hstenetiy@symantec.com,Genderqueer,177.149.0.143
684,Benn,Plumb,bplumbiz@psu.edu,Female,166.203.148.180
685,Livvie,Savil,lsavilj0@blinklist.com,Agender,116.210.4.60
686,Sallee,Gleed,sgleedj1@europa.eu,Female,144.63.155.1
687,Marcelline,Pulteneye,mpulteneyej2@chicagotribune.com,Genderqueer,196.109.13.240
688,Germain,Pharoah,gpharoahj3@opera.com,Non-binary,161.200.231.176
689,Avis,Krysztowczyk,akrysztowczykj4@hc360.com,Polygender,87.110.187.93
690,Lynn,Drayn,ldraynj5@tripod.com,Genderqueer,144.44.245.78
691,Andras,Edmett,aedmettj6@aol.com,Agender,45.5.172.63
692,Ellwood,Baitson,ebaitsonj7@jimdo.com,Polygender,80.243.184.89
693,Hubert,Bollis,hbollisj8@thetimes.co.uk,Female,228.135.29.106
694,Darbee,Saphin,dsaphinj9@harvard.edu,Genderqueer,23.100.248.18
695,Newton,Arden,nardenja@discovery.com,Female,36.111.195.239
696,Lon,Postins,lpostinsjb@google.fr,Genderqueer,73.20.39.241
697,Marve,Vynarde,mvynardejc@list-manage.com,Genderfluid,1.241.159.22
698,Tamiko,Circuit,tcircuitjd@unesco.org,Genderfluid,182.199.91.213
699,Amelie,Oppery,aopperyje@xrea.com,Female,87.237.158.139
700,Mallory,Slott,mslottjf@com.com,Female,230.228.127.198
701,Frannie,Challis,fchallisjg@free.fr,Genderqueer,222.239.62.58
702,Glynis,Rice,gricejh@yellowpages.com,Genderqueer,96.139.128.24
703,Ewart,Bakeup,ebakeupji@lulu.com,Genderqueer,169.224.150.178
704,Gus,Hilland,ghillandjj@columbia.edu,Genderfluid,239.230.202.111
705,Raine,Bottomer,rbottomerjk@si.edu,Female,170.74.42.84
706,Huntlee,Pogg,hpoggjl@ebay.com,Female,194.166.60.66
707,Granville,Ambage,gambagejm@netscape.com,Genderfluid,13.210.203.78
708,Stefan,Minchinton,sminchintonjn@webmd.com,Polygender,91.139.240.9
709,Cecile,Tolmie,ctolmiejo@drupal.org,Bigender,101.54.51.77
710,Ephrayim,Merrifield,emerrifieldjp@simplemachines.org,Bigender,198.76.132.158
711,Elfrieda,Broadist,ebroadistjq@ocn.ne.jp,Bigender,20.213.143.125
712,Anstice,Hencke,ahenckejr@auda.org.au,Agender,12.72.205.209
713,Moshe,Dronsfield,mdronsfieldjs@com.com,Male,86.210.151.51
714,Tamas,Ings,tingsjt@xrea.com,Genderfluid,133.143.67.91
715,Christina,Grise,cgriseju@freewebs.com,Polygender,160.251.239.226
716,Almeria,Duetsche,aduetschejv@yelp.com,Genderqueer,74.70.171.36
717,Gweneth,Springer,gspringerjw@reuters.com,Genderqueer,114.10.121.102
718,Selia,Worssam,sworssamjx@smugmug.com,Genderqueer,149.74.165.164
719,Sondra,Dymond,sdymondjy@wp.com,Non-binary,2.14.94.164
720,Maren,Fideler,mfidelerjz@facebook.com,Genderqueer,171.18.189.10
721,Alanah,Ioannou,aioannouk0@mac.com,Bigender,130.6.189.32
722,Binni,Jerzak,bjerzakk1@pinterest.com,Bigender,147.42.219.170
723,Rubie,Drinnan,rdrinnank2@tamu.edu,Female,84.222.203.133
724,Steven,Dollman,sdollmank3@home.pl,Non-binary,9.101.2.215
725,Swen,Skeermor,sskeermork4@woothemes.com,Bigender,176.104.196.251
726,Robinia,Fullwood,rfullwoodk5@microsoft.com,Male,159.51.178.229
727,Howey,Danick,hdanickk6@reverbnation.com,Agender,254.85.137.48
728,Suki,Twyford,stwyfordk7@independent.co.uk,Bigender,86.79.3.29
729,Kimberly,Savil,ksavilk8@marriott.com,Genderqueer,37.212.245.197
730,Mavis,Linsay,mlinsayk9@youku.com,Genderqueer,225.11.165.96
731,Holden,Clayworth,hclayworthka@google.com,Polygender,168.176.141.166
732,Basile,Baptie,bbaptiekb@technorati.com,Bigender,16.29.186.138
733,Seymour,Chesnay,schesnaykc@etsy.com,Agender,176.178.188.146
734,Kelvin,Furlow,kfurlowkd@issuu.com,Female,68.83.192.36
735,Vivian,Pehrsson,vpehrssonke@mlb.com,Genderfluid,134.54.134.23
736,Teena,Tedorenko,ttedorenkokf@friendfeed.com,Polygender,250.169.81.149
737,Brock,Seabourne,bseabournekg@devhub.com,Male,22.163.185.217
738,Laney,Betke,lbetkekh@flickr.com,Female,227.116.80.146
739,Samson,Dugdale,sdugdaleki@deliciousdays.com,Polygender,213.158.24.32
740,Shelbi,Matterson,smattersonkj@smh.com.au,Genderqueer,183.166.52.252
741,Allan,Ludlom,aludlomkk@elpais.com,Female,3.47.246.28
742,Colleen,Rosander,crosanderkl@imdb.com,Female,86.192.76.118
743,Abbey,Ivanshintsev,aivanshintsevkm@intel.com,Agender,65.135.83.167
744,Alejoa,Petrashkov,apetrashkovkn@goo.gl,Bigender,89.155.213.65
745,Yule,Hughill,yhughillko@theguardian.com,Genderfluid,32.212.190.53
746,Hephzibah,Ferryn,hferrynkp@etsy.com,Genderqueer,201.186.7.243
747,Dagmar,Rottenbury,drottenburykq@github.com,Bigender,113.22.76.122
748,Connie,Kitchingham,ckitchinghamkr@hubpages.com,Female,223.130.158.131
749,Benedick,Dublin,bdublinks@about.me,Female,75.28.127.94
750,Magdalene,Barnaclough,mbarnacloughkt@stumbleupon.com,Agender,124.20.218.158
751,Dallis,Canadine,dcanadineku@va.gov,Bigender,45.210.18.37
752,Rickard,Nisard,rnisardkv@linkedin.com,Bigender,52.255.148.239
753,Randy,Gaines,rgaineskw@printfriendly.com,Non-binary,170.63.51.216
754,Lynnea,Zanassi,lzanassikx@google.de,Polygender,202.6.78.76
755,Billie,Runge,brungeky@addtoany.com,Female,210.151.180.91
756,Perla,Scullin,pscullinkz@archive.org,Agender,66.206.62.116
757,Olav,Gale,ogalel0@pagesperso-orange.fr,Genderqueer,102.236.134.11
758,Jeane,Evequot,jevequotl1@barnesandnoble.com,Female,79.147.7.125
759,Corina,Storie,cstoriel2@cloudflare.com,Agender,2.233.8.53
760,Pauly,Neasam,pneasaml3@symantec.com,Bigender,122.32.134.216
761,Ruggiero,Luxon,rluxonl4@reuters.com,Genderfluid,49.204.195.96
762,Garnette,Lazar,glazarl5@mediafire.com,Non-binary,220.198.246.170
763,Reeba,Attwooll,rattwoolll6@dion.ne.jp,Genderfluid,226.221.238.25
764,Charil,Das,cdasl7@seesaa.net,Agender,166.97.10.80
765,Victor,MacEnelly,vmacenellyl8@webmd.com,Polygender,174.101.166.124
766,Fonz,Pucknell,fpucknelll9@bandcamp.com,Bigender,193.110.222.68
767,Danila,Reffe,dreffela@washingtonpost.com,Polygender,87.186.46.62
768,Ardath,Morrant,amorrantlb@timesonline.co.uk,Genderqueer,120.209.81.146
769,Lauritz,Chatell,lchatelllc@smugmug.com,Non-binary,158.60.38.254
770,Corry,Heatly,cheatlyld@nba.com,Non-binary,217.115.92.111
771,Alyce,Worledge,aworledgele@tripadvisor.com,Male,150.180.146.93
772,Jayson,Gerson,jgersonlf@purevolume.com,Bigender,194.233.175.17
773,Bette,Espin,bespinlg@cbsnews.com,Non-binary,221.54.6.73
774,Yetty,McDougle,ymcdouglelh@businessweek.com,Genderfluid,124.10.69.87
775,Clem,Forber,cforberli@drupal.org,Polygender,166.145.95.159
776,Benedicta,Clapshaw,bclapshawlj@digg.com,Polygender,53.106.144.169
777,Nestor,Boak,nboaklk@google.es,Genderqueer,102.233.155.113
778,Betta,Warrington,bwarringtonll@blogspot.com,Genderfluid,76.5.32.196
779,Temp,Densey,tdenseylm@cbslocal.com,Polygender,68.120.37.182
780,Kamillah,Rosenfeld,krosenfeldln@accuweather.com,Agender,109.238.200.97
781,Tierney,Ross,trosslo@slideshare.net,Genderfluid,47.39.157.235
782,Colby,Toon,ctoonlp@domainmarket.com,Polygender,65.115.242.22
783,Merci,Ebi,mebilq@mozilla.com,Genderqueer,111.209.123.252
784,Trudi,Keemar,tkeemarlr@jugem.jp,Agender,245.252.46.123
785,Veda,Balas,vbalasls@goo.gl,Polygender,179.172.218.158
786,Gifford,Pirrie,gpirrielt@discuz.net,Genderfluid,253.214.67.40
787,Anthea,Smithies,asmithieslu@google.nl,Polygender,218.111.171.206
788,Cathrine,Beautyman,cbeautymanlv@nymag.com,Polygender,80.36.84.204
789,Bailie,Jouhan,bjouhanlw@wikia.com,Agender,39.212.185.130
790,Jim,Hillitt,jhillittlx@mtv.com,Agender,158.210.241.0
791,Allina,Kettlewell,akettlewellly@globo.com,Agender,26.101.247.176
792,Juline,Reditt,jredittlz@sourceforge.net,Bigender,221.229.236.243
793,Marylou,Semmens,msemmensm0@blogspot.com,Genderfluid,22.72.1.6
794,Horacio,Chessell,hchessellm1@tumblr.com,Bigender,192.38.211.253
795,Trumann,Pawels,tpawelsm2@vistaprint.com,Bigender,74.92.140.231
796,Dudley,McCurt,dmccurtm3@cisco.com,Bigender,162.137.231.11
797,Nikki,Chaudrelle,nchaudrellem4@altervista.org,Bigender,116.70.162.231
798,Bogey,O'Lenane,bolenanem5@photobucket.com,Female,250.11.127.119
799,Archibaldo,Jaram,ajaramm6@netscape.com,Polygender,72.41.9.49
800,Carroll,Erickssen,cerickssenm7@wikipedia.org,Genderqueer,85.106.97.49
801,Gradeigh,Checklin,gchecklinm8@mlb.com,Non-binary,37.90.38.15
802,Christy,Dahlman,cdahlmanm9@a8.net,Bigender,97.179.29.48
803,Seka,Esberger,sesbergerma@nbcnews.com,Male,147.52.242.243
804,Milt,Camel,mcamelmb@eventbrite.com,Genderfluid,45.200.35.251
805,Roseanne,Fortnon,rfortnonmc@t-online.de,Male,103.181.18.52
806,Modesta,Chalfont,mchalfontmd@unc.edu,Male,111.133.234.85
807,Roxie,Calcut,rcalcutme@umn.edu,Agender,250.62.166.178
808,Ivette,Spanton,ispantonmf@woothemes.com,Agender,179.219.158.93
809,Marylin,Byrnes,mbyrnesmg@fastcompany.com,Genderqueer,28.16.10.95
810,Merell,Mossom,mmossommh@jiathis.com,Male,248.91.127.203
811,Alika,Sotworth,asotworthmi@toplist.cz,Polygender,65.76.29.202
812,Henry,Romke,hromkemj@google.fr,Bigender,78.250.237.252
813,Dulciana,Tilbey,dtilbeymk@wsj.com,Genderqueer,162.105.69.2
814,De witt,Pallaske,dpallaskeml@salon.com,Female,125.104.167.152
815,Tamqrah,Peerless,tpeerlessmm@telegraph.co.uk,Male,109.188.232.50
816,Aurthur,Kingsmill,akingsmillmn@imageshack.us,Agender,0.170.3.99
817,Yoshiko,Backs,ybacksmo@sina.com.cn,Male,99.80.138.220
818,Sean,Jozefiak,sjozefiakmp@ft.com,Genderfluid,186.33.127.210
819,Leodora,Sutcliffe,lsutcliffemq@lulu.com,Non-binary,205.140.164.210
820,Tana,Cavozzi,tcavozzimr@msn.com,Female,227.55.139.250
821,Skipton,Elis,selisms@walmart.com,Non-binary,73.90.91.170
822,Traci,Shearsby,tshearsbymt@usatoday.com,Agender,118.157.43.39
823,Queenie,Hammonds,qhammondsmu@cbsnews.com,Polygender,85.213.137.60
824,Janela,Abrashkov,jabrashkovmv@drupal.org,Polygender,117.95.244.31
825,Lindie,Joffe,ljoffemw@mayoclinic.com,Agender,216.7.138.110
826,Barnaby,Wesson,bwessonmx@sfgate.com,Non-binary,49.131.48.130
827,Salmon,Euesden,seuesdenmy@spiegel.de,Agender,152.134.118.222
828,Vinnie,Coles,vcolesmz@wiley.com,Male,108.133.59.242
829,Lida,Cicccitti,lcicccittin0@paginegialle.it,Genderfluid,34.173.195.235
830,Genevra,Thyng,gthyngn1@nydailynews.com,Male,196.165.54.51
831,Liv,Penni,lpennin2@networkadvertising.org,Agender,188.59.161.164
832,Fremont,Itzhaiek,fitzhaiekn3@1688.com,Polygender,132.180.189.189
833,Amy,Drummond,adrummondn4@myspace.com,Genderqueer,236.79.132.212
834,Gracie,Crosher,gcroshern5@ustream.tv,Genderfluid,213.121.221.166
835,Lorraine,Ballingal,lballingaln6@github.io,Non-binary,165.144.221.107
836,Raynard,Moscrop,rmoscropn7@chicagotribune.com,Polygender,118.86.128.228
837,Melvin,Haddick,mhaddickn8@over-blog.com,Genderqueer,45.178.39.149
838,Abner,Chipman,achipmann9@adobe.com,Genderfluid,139.113.45.77
839,Carey,Springtorpe,cspringtorpena@issuu.com,Non-binary,24.190.186.191
840,Caty,Laurisch,claurischnb@ehow.com,Polygender,22.196.171.71
841,Cornie,Westbury,cwestburync@a8.net,Genderfluid,61.200.124.146
842,Fletcher,Kerswill,fkerswillnd@nbcnews.com,Agender,93.30.29.103
843,Durante,Wisden,dwisdenne@guardian.co.uk,Female,186.112.52.155
844,Pietro,Ripping,prippingnf@nhs.uk,Agender,151.30.166.85
845,Flore,Lourenco,flourencong@answers.com,Genderfluid,137.60.55.171
846,Ryann,Emmerson,remmersonnh@cargocollective.com,Non-binary,23.29.154.94
847,Carver,MacAdie,cmacadieni@xing.com,Female,240.31.84.197
848,Sheppard,Brahm,sbrahmnj@behance.net,Polygender,163.227.26.246
849,Lanny,Manssuer,lmanssuernk@pcworld.com,Genderqueer,140.125.171.113
850,Cherianne,Littler,clittlernl@livejournal.com,Genderfluid,216.125.16.23
851,Arel,Hendrickx,ahendrickxnm@mapquest.com,Bigender,244.210.231.93
852,Mark,Pucker,mpuckernn@weather.com,Agender,40.7.104.178
853,Jeffrey,Esch,jeschno@google.pl,Female,197.224.105.184
854,Evangelina,Peers,epeersnp@moonfruit.com,Non-binary,29.183.52.59
855,Dollie,Bennitt,dbennittnq@cpanel.net,Genderfluid,227.85.104.38
856,Michail,Navarijo,mnavarijonr@bing.com,Agender,148.63.129.131
857,Maxie,Frane,mfranens@dagondesign.com,Female,241.117.188.66
858,Ellyn,Courtier,ecourtiernt@studiopress.com,Genderfluid,62.183.41.144
859,Maye,Barfoot,mbarfootnu@shareasale.com,Polygender,124.26.113.189
860,Rozina,Roderighi,rroderighinv@storify.com,Female,110.163.103.75
861,Daisey,Lawlie,dlawlienw@jugem.jp,Male,182.79.197.108
862,Joella,Toffano,jtoffanonx@ifeng.com,Bigender,21.217.46.137
863,Rosmunda,Medlin,rmedlinny@mozilla.org,Genderfluid,163.182.86.209
864,Lusa,Sharer,lsharernz@cdc.gov,Polygender,176.251.136.166
865,Jaime,Chalker,jchalkero0@linkedin.com,Genderqueer,132.162.81.33
866,Marjie,Ladyman,mladymano1@cisco.com,Non-binary,134.3.54.149
867,Belicia,Barnwille,bbarnwilleo2@reuters.com,Genderfluid,249.140.82.220
868,Hew,Barribal,hbarribalo3@over-blog.com,Non-binary,14.29.129.42
869,Jonie,Heinle,jheinleo4@opera.com,Genderfluid,77.88.154.114
870,Dulcine,Rowdell,drowdello5@nbcnews.com,Non-binary,221.159.189.23
871,Cynthy,Lesmonde,clesmondeo6@w3.org,Non-binary,103.168.108.237
872,Base,Grishankov,bgrishankovo7@creativecommons.org,Agender,244.4.26.13
873,Alain,Boshard,aboshardo8@skyrock.com,Bigender,180.35.29.91
874,Carmel,Trenholm,ctrenholmo9@cpanel.net,Non-binary,23.172.181.249
875,Kettie,Skuse,kskuseoa@spotify.com,Male,205.149.221.33
876,Alika,Waddington,awaddingtonob@zimbio.com,Polygender,251.103.121.77
877,Merilyn,Danett,mdanettoc@flavors.me,Genderqueer,15.81.166.16
878,Marigold,Bresson,mbressonod@wufoo.com,Male,172.114.217.42
879,Arlinda,Brayfield,abrayfieldoe@mail.ru,Male,191.101.153.44
880,Trever,Mumby,tmumbyof@fc2.com,Female,233.225.189.6
881,Kittie,St Leger,kstlegerog@bing.com,Agender,80.227.7.215
882,Tybie,Geke,tgekeoh@latimes.com,Polygender,7.179.209.191
883,Linn,Arnfield,larnfieldoi@samsung.com,Bigender,221.14.136.203
884,Brandais,Goodyer,bgoodyeroj@google.de,Female,83.94.31.11
885,Annabela,Valintine,avalintineok@github.io,Non-binary,150.170.192.67
886,Arnoldo,Thackwray,athackwrayol@businesswire.com,Non-binary,253.201.193.182
887,Orly,Skelington,oskelingtonom@prlog.org,Female,65.54.187.114
888,Vin,Saulter,vsaulteron@nih.gov,Agender,201.36.97.216
889,Dorree,Burdin,dburdinoo@ocn.ne.jp,Genderfluid,54.32.171.68
890,Bellina,Waslin,bwaslinop@nasa.gov,Polygender,102.23.108.214
891,Diane,Margaret,dmargaretoq@columbia.edu,Agender,54.50.228.106
892,Hersch,Lembcke,hlembckeor@nps.gov,Genderfluid,134.134.64.167
893,Alyse,Larose,alaroseos@mapy.cz,Bigender,248.164.146.6
894,Gary,Galbraeth,ggalbraethot@skype.com,Polygender,152.151.212.101
895,Alayne,Geillier,ageillierou@reddit.com,Polygender,108.165.222.114
896,Anni,Lyttle,alyttleov@imgur.com,Genderqueer,62.60.131.195
897,Clio,Kelston,ckelstonow@wunderground.com,Female,146.93.210.59
898,Ellswerth,Polendine,epolendineox@ycombinator.com,Genderfluid,191.219.10.15
899,Melva,Tolworthy,mtolworthyoy@cnbc.com,Non-binary,88.156.71.111
900,Chic,Bridges,cbridgesoz@ihg.com,Agender,234.49.30.238
901,Elvyn,Pendergrast,ependergrastp0@dedecms.com,Genderfluid,30.223.31.133
902,Samara,Lambie,slambiep1@tripadvisor.com,Genderqueer,207.232.121.62
903,Darius,Rennebeck,drennebeckp2@tiny.cc,Non-binary,56.64.167.124
904,Werner,Ivanisov,wivanisovp3@timesonline.co.uk,Female,49.100.242.246
905,Raphael,Cutmere,rcutmerep4@patch.com,Polygender,213.146.165.243
906,Lorena,Dymond,ldymondp5@mashable.com,Bigender,144.118.81.65
907,Dominga,Sanders,dsandersp6@parallels.com,Genderfluid,66.69.38.104
908,Judi,Maylor,jmaylorp7@weebly.com,Female,195.75.143.69
909,Aarika,Lardnar,alardnarp8@unc.edu,Polygender,49.193.161.250
910,Jasmin,MacMenamy,jmacmenamyp9@senate.gov,Genderqueer,55.32.254.104
911,Lucian,Dibnah,ldibnahpa@reverbnation.com,Male,212.191.154.67
912,Hamid,Outhwaite,houthwaitepb@jalbum.net,Bigender,237.192.145.37
913,Bar,Dring,bdringpc@go.com,Non-binary,163.57.152.153
914,Stevie,Mixhel,smixhelpd@shop-pro.jp,Female,81.190.113.174
915,Kimball,Mehew,kmehewpe@jigsy.com,Genderqueer,192.246.238.71
916,Gerald,Vany,gvanypf@epa.gov,Female,150.124.176.9
917,Britta,Aldington,baldingtonpg@weebly.com,Genderqueer,40.50.222.141
918,Benjy,Andrieux,bandrieuxph@seesaa.net,Bigender,131.121.213.72
919,Louisa,Londer,llonderpi@unc.edu,Agender,115.115.161.65
920,Marlene,Hayhow,mhayhowpj@dmoz.org,Agender,222.142.32.184
921,Cecile,Barrowcliff,cbarrowcliffpk@t.co,Non-binary,47.220.6.58
922,Wrennie,Hubert,whubertpl@unicef.org,Male,229.170.69.77
923,Kalle,Guittet,kguittetpm@whitehouse.gov,Bigender,52.126.18.199
924,Wesley,Dicks,wdickspn@cmu.edu,Agender,175.173.21.79
925,Fabe,Heeran,fheeranpo@slideshare.net,Genderqueer,123.68.189.150
926,Mahmoud,O' Connell,moconnellpp@list-manage.com,Genderqueer,10.205.130.71
927,Rowena,Seals,rsealspq@discuz.net,Genderqueer,171.52.20.7
928,Uriel,Pote,upotepr@github.io,Polygender,37.31.161.6
929,Elianora,Dobsons,edobsonsps@walmart.com,Genderfluid,151.156.240.0
930,Erick,Queenborough,equeenboroughpt@prlog.org,Genderfluid,183.213.113.131
931,Elnore,Merman,emermanpu@wsj.com,Agender,102.143.213.12
932,Lefty,Gammade,lgammadepv@last.fm,Genderfluid,28.49.236.247
933,Jude,Caplen,jcaplenpw@scientificamerican.com,Agender,14.106.184.17
934,Fifine,Bolstridge,fbolstridgepx@toplist.cz,Female,31.54.250.2
935,Pandora,Wakeham,pwakehampy@miibeian.gov.cn,Genderfluid,119.64.146.137
936,Clair,Pierton,cpiertonpz@about.me,Genderqueer,80.128.184.252
937,Perri,Gore,pgoreq0@independent.co.uk,Polygender,142.116.185.76
938,Cinda,Worton,cwortonq1@ezinearticles.com,Genderqueer,198.74.250.227
939,Lorant,Buey,lbueyq2@yelp.com,Female,26.159.117.143
940,Rogers,Barrim,rbarrimq3@yahoo.com,Polygender,248.53.54.120
941,Delly,Petzolt,dpetzoltq4@forbes.com,Genderqueer,38.151.137.227
942,Bunni,Shirtcliffe,bshirtcliffeq5@disqus.com,Polygender,154.26.100.71
943,Nickey,Bittleson,nbittlesonq6@themeforest.net,Genderfluid,201.149.58.136
944,Jerald,Storm,jstormq7@bloglines.com,Bigender,126.13.232.24
945,Junie,Gosney,jgosneyq8@quantcast.com,Genderfluid,3.111.162.126
946,Erda,Gresley,egresleyq9@japanpost.jp,Non-binary,155.108.159.237
947,Dalia,Ghiron,dghironqa@google.it,Genderqueer,205.42.42.27
948,Belia,Dabels,bdabelsqb@ox.ac.uk,Agender,120.167.24.56
949,Margret,Kuhnert,mkuhnertqc@shinystat.com,Genderfluid,48.220.21.234
950,Maryjane,Joslyn,mjoslynqd@phoca.cz,Male,49.180.178.101
951,Rodrique,Lenham,rlenhamqe@pen.io,Genderqueer,201.74.43.23
952,Edvard,Cully,ecullyqf@who.int,Female,83.17.43.23
953,Devin,Belfitt,dbelfittqg@themeforest.net,Genderqueer,58.189.49.92
954,Clareta,Gutowski,cgutowskiqh@studiopress.com,Male,22.248.8.42
955,Monty,Storton,mstortonqi@sourceforge.net,Genderqueer,10.20.210.225
956,Adah,Buttner,abuttnerqj@wordpress.org,Agender,219.211.70.124
957,Kirbee,Playford,kplayfordqk@auda.org.au,Genderfluid,238.153.224.45
958,Teodor,Buncom,tbuncomql@miitbeian.gov.cn,Bigender,25.72.113.126
959,Catha,Clohessy,cclohessyqm@posterous.com,Genderqueer,38.38.80.29
960,Kerry,Dunderdale,kdunderdaleqn@independent.co.uk,Male,74.52.20.174
961,Clywd,Gook,cgookqo@tumblr.com,Female,40.86.216.66
962,Vince,Vise,vviseqp@amazon.de,Female,195.42.105.213
963,Munmro,Penswick,mpenswickqq@freewebs.com,Non-binary,216.116.101.131
964,Chaunce,Pourvoieur,cpourvoieurqr@guardian.co.uk,Bigender,232.239.93.209
965,Tine,Ipwell,tipwellqs@mysql.com,Agender,29.5.224.7
966,Gerta,Moggie,gmoggieqt@sohu.com,Genderfluid,245.219.44.127
967,Benn,Truse,btrusequ@theguardian.com,Female,23.11.145.49
968,Burke,Degan,bdeganqv@macromedia.com,Polygender,199.53.197.202
969,Salim,Burril,sburrilqw@twitpic.com,Non-binary,49.136.8.219
970,Sinclair,Barlee,sbarleeqx@marketwatch.com,Bigender,68.224.133.120
971,Elvera,Livingstone,elivingstoneqy@moonfruit.com,Male,20.156.178.221
972,William,Naylor,wnaylorqz@360.cn,Non-binary,34.163.15.19
973,Garwood,Patrono,gpatronor0@europa.eu,Genderfluid,169.252.132.48
974,Ralf,Sellen,rsellenr1@devhub.com,Female,245.89.30.162
975,Marleen,Pesticcio,mpesticcior2@examiner.com,Polygender,223.222.180.114
976,Camella,Scotchmer,cscotchmerr3@issuu.com,Agender,140.193.46.213
977,Violetta,Battey,vbatteyr4@cdbaby.com,Female,95.132.188.118
978,Lilah,Danelutti,ldaneluttir5@elegantthemes.com,Agender,214.5.109.178
979,Nolly,Huckabe,nhuckaber6@nationalgeographic.com,Genderqueer,44.229.69.172
980,Pete,Crowson,pcrowsonr7@eepurl.com,Bigender,177.34.44.182
981,Doralynne,Williamson,dwilliamsonr8@census.gov,Non-binary,55.247.94.176
982,Enrika,Abbatini,eabbatinir9@rambler.ru,Bigender,252.83.25.8
983,Jimmy,Gravett,jgravettra@nytimes.com,Agender,85.140.132.61
984,Chrisse,Edridge,cedridgerb@ifeng.com,Polygender,39.80.179.198
985,Trisha,Brettel,tbrettelrc@prweb.com,Male,115.40.6.240
986,Tod,Kinig,tkinigrd@goodreads.com,Genderfluid,146.60.156.73
987,Farah,Benton,fbentonre@seattletimes.com,Agender,17.167.220.113
988,Cornelia,Loton,clotonrf@tinypic.com,Genderqueer,182.28.60.196
989,Zachariah,Manners,zmannersrg@go.com,Agender,64.247.234.158
990,Robyn,Gwillym,rgwillymrh@cisco.com,Female,253.62.197.207
991,Jorie,Roundtree,jroundtreeri@wikia.com,Bigender,26.174.51.143
992,Giana,Bloom,gbloomrj@bloglines.com,Polygender,46.192.77.251
993,Ardelia,Todhunter,atodhunterrk@ucsd.edu,Female,105.157.98.250
994,Mendy,Sonner,msonnerrl@chronoengine.com,Genderqueer,59.81.171.149
995,Aleda,Grouse,agrouserm@360.cn,Non-binary,242.92.109.230
996,Herbert,Melling,hmellingrn@goo.gl,Female,197.16.150.7
997,Beatriz,Tarplee,btarpleero@nifty.com,Female,220.126.185.149
998,Cynthea,O'Hallihane,cohallihanerp@mlb.com,Non-binary,76.187.126.116
999,Vivi,Hinemoor,vhinemoorrq@weather.com,Agender,99.19.52.146
1000,Regan,Withull,rwithullrr@tmall.com,Bigender,70.172.118.116
